ott_id,unique_name
672398,Kennedia prostrata
3920989,Gompholobium ecostatum
343259,Acacia verticillata
3918389,Acacia ulicifolia
343265,Acacia mearnsii
3920969,Jacksonia scoparia
274405,Acacia dealbata
215901,Daviesia latifolia
554917,Acacia suaveolens
580487,Bossiaea cinerea
343261,Acacia paradoxa
343269,Acacia longifolia
131682,Hardenbergia violacea
295808,Sphaerolobium minus
820197,Daviesia ulicifolia
3917801,Acacia rupicola
711194,Genista monspessulana
612435,Canavalia rosea
784687,Acacia mucronata
3920988,Gompholobium huegelii
588528,Vachellia farnesiana
997672,Acacia leiocalyx
39866,Acacia pycnantha
18367,Pultenaea largiflorens
510052,Leucaena leucocephala
116218,Trifolium repens
986331,Pultenaea scabra
619757,Hovea chorizemifolia
485967,Acacia terminalis
134862,Kennedia rubicunda
7055811,Daviesia devito
633789,Acacia melanoxylon
756416,Templetonia retusa
3920879,Dillwynia hispida
1044128,Genista linifolia
982241,Pultenaea daphnoides
472041,Lotus australis
510040,Lathyrus tingitanus
859850,Senna pendula
60617,Acacia myrtifolia
105851,Platylobium obtusangulum
3928309,Hovea heterophylla
91393,Cytisus scoparius
147754,Hardenbergia comptoniana
389028,Ceratonia siliqua
452957,Parkinsonia aculeata
84915,Erythrina crista-galli
639792,Acacia baileyana
1085827,Swainsona formosa
348188,Delonix regia
677313,Gleditsia triacanthos
1030439,Lupinus polyphyllus
649828,Trifolium campestre
1036603,Lathyrus odoratus
38031,Medicago polymorpha
705473,Trifolium incarnatum
183572,Lotus corniculatus
1065971,Vicia hirsuta
689169,Trifolium arvense
921074,Senna occidentalis
539553,Trifolium subterraneum
539544,Vicia faba
333195,Mimosa pudica
597375,Trifolium resupinatum
525750,Medicago arabica
928430,Lablab purpureus
612448,Cajanus cajan
1086789,Medicago sativa
234441,Senna artemisioides
618027,Bauhinia variegata
858429,Cullen patens
756424,Viminaria juncea
1006056,Sesbania formosa
3920980,Gompholobium uncinatum
3920819,Pultenaea ferruginea
3928356,Bossiaea stephensonii
800266,Glycine clandestina
3927366,Desmodium varians
4730397,Acacia disparrima
571224,Pultenaea subspicata
636869,Glycine tabacina
3928306,Hovea similis
1093429,Acacia aneura
131669,Goodia lotifolia
233180,Platylobium formosum
60623,Acacia penninervis
452614,Acacia fimbriata
3920829,Pultenaea villosa
188174,Acacia falcata
619758,Hovea linearis
3918422,Acacia amoena
6095407,Acacia mariae
997695,Acacia binervata
215906,Daviesia genistifolia
234455,Senna aciphylla
3918328,Acacia decora
3927439,Desmodium rhytidophyllum
618995,Acacia neriifolia
3918431,Acacia bakeri
618985,Acacia parvipinnula
485969,Acacia pubescens
4730379,Acacia burkittii
295818,Mirbelia confertiflora
3928330,Bossiaea obcordata
3917766,Acacia gunnii
858427,Cullen microcephalum
1036680,Pultenaea villifera
3920831,Pultenaea linophylla
3919231,Archidendron muellerianum
3926101,Swainsona greyana
986327,Pultenaea spinosa
591301,Pultenaea flexilis
3928311,Hovea pedunculata
3920861,Almaleea paludosa
46053,Acacia decurrens
3928332,Bossiaea ensata
3928361,Bossiaea prostrata
503658,Acacia loderi
422189,Swainsona galegifolia
3920812,Pultenaea aristata
3917832,Acacia kettlewelliae
3920885,Aotus mollis
3919220,Archidendron grandiflorum
131692,Indigofera australis
3917587,Acacia meiantha
618987,Acacia podalyriifolia
3920883,Dillwynia tenuifolia
458414,Glycine canescens
215904,Daviesia mimosoides
820201,Daviesia elliptica
3918251,Acacia bynoeana
3920981,Gompholobium pinnatum
3926109,Swainsona plagiotropis
3917934,Acacia omalophylla
964923,Pultenaea blakelyi
246673,Dillwynia phylicoides
431263,Acacia floribunda
3918470,Acacia chrysotricha
867937,Acacia falciformis
3928340,Bossiaea heterophylla
1060454,Glycyrrhiza acanthocarpa
699320,Podolobium ilicifolium
405903,Eutaxia microphylla
3920874,Dillwynia retorta
636873,Glycine tomentella
60602,Acacia parramattensis
867935,Acacia latisepala
3920866,Dillwynia floribunda
3917924,Acacia brownii
3918198,Acacia salicina
3918242,Acacia buxifolia
1036687,Bossiaea buxifolia
3920878,Dillwynia sericea
3928323,Templetonia aculeata
288769,Aotus ericoides
3920994,Gompholobium latifolium
3917608,Acacia ausfeldii
711678,Acacia implexa
3917583,Acacia pilligaensis
529568,Acacia linifolia
653603,Lespedeza cuneata
409621,Pultenaea parviflora
3920236,Tephrosia brachyodon
3928348,Bossiaea rhombifolia
431257,Acacia obtusifolia
3921060,Daviesia pubigera
3918417,Acacia pendula
3918448,Acacia linearifolia
3921006,Gompholobium glabratum
3920820,Pultenaea mollis
3918278,Acacia binervia
3916805,Cassia marksiana
103860,Acacia deanei
3921007,Gompholobium grandiflorum
814514,Acacia saliciformis
1062318,Acacia irrorata
503650,Acacia prominens
503652,Acacia maidenii
814463,Acacia pravifolia
3922797,Indigofera adesmiifolia
678478,Acacia doratoxylon
807790,Austrosteenisia blackii
952050,Glycine microphylla
1064250,Zornia dyctiocarpa
3921035,Daviesia alata
3928305,Hovea rosmarinifolia
3926095,Swainsona monticola
405911,Dillwynia parvifolia
1062325,Acacia constablei
952060,Glycine latifolia
3926110,Swainsona procumbens
3920985,Gompholobium inconspicuum
571233,Pultenaea tuberculata
1081327,Acacia cultriformis
3918054,Acacia caroleae
669237,Mirbelia rubiifolia
3920907,Sphaerolobium vimineum
986333,Pultenaea setulosa
982237,Phyllota phylicoides
554919,Acacia spectabilis
898152,Rhynchosia minima
3928350,Bossiaea scolopendria
3917562,Acacia burbidgeae
730063,Acacia triptera
3917945,Acacia colletioides
633797,Acacia elata
3920850,Pultenaea canescens
104562,Acacia rigens
3917997,Acacia concurrens
908048,Mirbelia oxylobioides
340940,Daviesia corymbosa
3920498,Austrosteenisia glabristyla
215902,Daviesia leptophylla
3918089,Acacia stricta
3918196,Acacia ruppii
660548,Acacia viscidula
3928343,Bossiaea foliosa
3918081,Acacia clunies-rossiae
3918041,Acacia wilhelmiana
563538,Acacia harpophylla
554923,Acacia victoriae
104572,Acacia microcarpa
711666,Acacia hakeoides
3928359,Bossiaea scortechinii
3917732,Acacia blakei
3918212,Acacia cheelii
3920863,Almaleea incurvata
3917845,Acacia covenyi
1062323,Acacia mabellae
472046,Lotus cruentus
1062329,Acacia filicifolia
3920840,Pultenaea microphylla
617512,Acacia tetragonophylla
274247,Acacia curranii
659652,Acacia stenophylla
223317,Mirbelia pungens
188182,Acacia aspera
3918425,Acacia obliquinervia
431277,Acacia oxycedrus
266930,Daviesia arborea
3920824,Pultenaea paleacea
266925,Gompholobium minus
3920811,Pultenaea retusa
295809,Mirbelia speciosa
674923,Aeschynomene indica
274251,Acacia cognata
105873,Castanospermum australe
3926112,Swainsona recta
699321,Podolobium procumbens
3917842,Acacia juncifolia
3917963,Acacia quadrilateralis
46801,Templetonia egena
3928312,Hovea lanceolata
276479,Cullen tenax
3918085,Acacia amblygona
3920876,Dillwynia cinerascens
3918261,Acacia gladiiformis
3917626,Acacia lucasii
3920832,Pultenaea pycnocephala
3928293,Hovea longifolia
3917883,Acacia georgensis
1081334,Acacia leucoclada
18360,Pultenaea myrtoides
3918444,Acacia rubida
636340,Acacia mitchellii
3920893,Aotus lanigera
280932,Sophora tomentosa
633805,Acacia lineata
3917707,Acacia uncinata
3928299,Hovea pannosa
1093310,Podolobium aciculiferum
530246,Pararchidendron pruinosum
772631,Acacia elongata
3918090,Acacia subporosa
979088,Acacia venulosa
591299,Pultenaea divaricata
3920882,Dillwynia stipulifera
994743,Hovea acutifolia
46797,Templetonia stenophylla
3920809,Phyllota squarrosa
3920802,Phyllota grandiflora
581960,Vigna vexillata
139477,Trigonella suavissima
591303,Pultenaea euchila
343267,Acacia oswaldii
532894,Acacia genistifolia
1066381,Swainsona swainsonioides
431273,Acacia orites
566932,Acacia conferta
3926111,Swainsona luteola
1090195,Vigna marina
3917652,Acacia havilandiorum
3920993,Gompholobium virgatum
559024,Aotus subglauca
982234,Oxylobium arborescens
266926,Daviesia acicularis
3918130,Acacia tessellata
3918150,Acacia trineura
920334,Hovea purpurea
3928315,Hovea montana
3928329,Bossiaea walkeri
591774,Swainsona oroboides
3918284,Acacia flocktoniae
3920836,Pultenaea benthamii
3928038,Crotalaria montana
986329,Pultenaea stipularis
3920845,Pultenaea procumbens
591302,Pultenaea glabra
639781,Acacia brunioides
820203,Bossiaea lenticularis
3916958,Senna clavigera
737713,Neptunia gracilis
731277,Acacia verniciflua
485971,Acacia polybotrya
639786,Acacia cangaiensis
421269,Pleurolobus gangeticus
591776,Swainsona murrayana
3921030,Daviesia umbellulata
711664,Acacia flexifolia
3920804,Phyllota humifusa
3917897,Acacia sertiformis
757709,Senna coronilloides
711659,Acacia ixiophylla
3921047,Daviesia squarrosa
581636,Acacia siculiformis
820200,Chorizema parviflorum
3918322,Acacia acinacea
3918111,Acacia pycnostachya
636332,Acacia fulva
3917999,Acacia leprosa
684225,Swainsona oligophylla
3927994,Crotalaria mitchellii
188188,Acacia dorothea
3918072,Acacia pubifolia
619759,Hovea longipes
3928368,Bossiaea kiamensis
639796,Acacia cardiophylla
103143,Sesbania cannabina
18363,Pultenaea hispidula
198224,Archidendron hendersonii
3918244,Acacia granitica
436355,Acacia murrayana
1031883,Oxylobium robustum
3922754,Indigofera coronillifolia
3917723,Acacia barringtonensis
3920870,Dillwynia prostrata
997693,Acacia aulacocarpa
485964,Acacia obtusata
431255,Acacia longissima
628362,Acacia cambagei
636334,Acacia leptoclada
3920927,Mirbelia platylobioides
3922914,Indigofera brevidens
3920833,Pultenaea altissima
485960,Acacia oshanesii
3917878,Acacia crassa
3917594,Acacia gordonii
3920810,Pultenaea foliolosa
3918160,Acacia excelsa
6095454,Acacia torringtonensis
7055838,Daviesia suaveolens
458774,Cullen australasicum
3918203,Acacia complanata
3928297,Hovea cymbiformis
55890,Chamaecrista nomame
442378,Galactia longifolia
867933,Acacia calamifolia
3922947,Indigofera baileyi
431259,Acacia dallachiana
15956,Acacia montana
3920823,Pultenaea capitellata
3920872,Dillwynia glaberrima
529511,Acacia pravissima
743455,Austrocallerya megasperma
108936,Glycine stenophita
3917948,Acacia johnsonii
639783,Acacia brachybotrya
1031879,Podolobium scandens
3920816,Pultenaea subternata
617480,Acacia melvillei
3917805,Acacia betchei
18366,Pultenaea laxiflora
743449,Austrocallerya australis
3920869,Dillwynia acicularis
188180,Acacia baeuerlenii
633803,Acacia ligulata
147116,Senna barclayana
982235,Oxylobium ellipticum
3917905,Acacia echinula
952053,Glycine latrobeana
72917,Guilandina bonduc
3928302,Hovea impressinerva
53283,Acacia dawsonii
3919842,Sophora fraseri
4730374,Acacia atrox
529639,Acacia schinoides
566922,Acacia bulgaensis
6095349,Acacia alaticaulis
855960,Kennedia retrorsa
3918299,Acacia ingramii
12271,Podolobium alpestre
591304,Pultenaea fasciculata
269757,Pultenaea rosmarinifolia
3918405,Acacia subtilinervis
639788,Acacia caesiella
3918045,Acacia cana
3920865,Dillwynia brunioides
333114,Erythrina vespertilio
3921226,Vigna lanceolata
3918176,Acacia matthewii
690587,Mucuna gigantea
3918002,Acacia carneorum
678474,Acacia dimidiata
154767,Acacia saligna
3922039,Flemingia trifoliastrum
3917807,Acacia galioides
3918362,Acacia estrophiolata
62970,Acacia acuminata
3923018,Indigastrum parviflorum
3921028,Daviesia reclinata
639794,Acacia chrysella
3918153,Acacia longispicata
659648,Acacia subulata
3917792,Acacia burrowii
3918162,Acacia distans
3918424,Acacia hilliana
3917815,Acacia melleodora
436335,Acacia strongylophylla
3921310,Canavalia papuana
3920548,Austrocallerya pilipes
3921764,Kennedia procurrens
927104,Lysiphyllum carronii
3920956,Jacksonia rhadinoclona
997698,Acacia calcicola
1086817,Macrotyloma axillare
3918237,Acacia ensifolia
146455,Indigofera colutea
867929,Acacia adoxa
848687,Acacia pentadenia
3920815,Pultenaea hartmannii
3918296,Acacia oncinocarpa
409620,Pultenaea patellifolia
566934,Acacia catenulata
3918276,Acacia leptoloba
1093436,Acacia assimilis
3927102,Zornia muriculata
3920108,Tephrosia varians
3917874,Acacia spathulifolia
3922712,Indigofera bancroftii
3917880,Acacia leptostachya
889184,Acacia longispinea
214682,Acacia auriculiformis
3918029,Acacia tratmaniana
3928341,Bossiaea rupicola
867542,Indigofera pratensis
1031882,Oxylobium pulteneae
6095436,Acacia sibirica
3928316,Hovea asperifolia
7055799,Platylobium montanum
3917593,Acacia elachantha
820195,Goodia medicaginea
428634,Acacia pyrifolia
96329,Indigofera linifolia
997651,Acacia boormanii
3926465,Aeschynomene brevifolia
3918037,Acacia xanthina
3918406,Acacia microcalyx
3917726,Acacia costiniana
617517,Acacia stipuligera
689182,Trifolium tomentosum
640678,Ornithopus sativus
5102,Daviesia wyattiana
237129,Acacia cyclops
3917699,Acacia acuaria
3917584,Acacia prainii
347967,Cynometra iripa
3917561,Acacia wickhamii
1082499,Mirbelia dilatata
882775,Acacia muelleriana
3918052,Acacia beauverdiana
3917876,Acacia kybeanensis
797722,Acacia blakelyi
848689,Acacia wanyu
3929307,Austrodolichos errabundus
3918023,Acacia jennerae
3928301,Hovea ramulosa
1055316,Lamprolobium fruticosum
266923,Daviesia alternifolia
3918050,Acacia chisholmii
33827,Acacia adunca
555970,Gastrolobium latifolium
3918410,Acacia tropica
3917623,Acacia aureocrinita
636338,Acacia euthycarpa
3920278,Tephrosia crocea
3917666,Acacia difficilis
3928308,Hovea parvicalyx
3917989,Acacia argyrodendron
340938,Daviesia buxifolia
3918484,Acacia ancistrocarpa
3917992,Acacia umbellata
428676,Acacia pickardii
3920926,Mirbelia spinosa
856972,Archidendron kanisii
5785741,Acacia beadleana
3917986,Acacia cremiflora
3917552,Acacia clandullensis
3917983,Acacia rhodoxylon
752733,Crotalaria goreensis
3917751,Acacia ericksoniae
3918476,Acacia bancroftiorum
91402,Crotalaria pallida
3917729,Acacia hispidula
711674,Acacia holosericea
3918267,Acacia verricula
3917912,Acacia asperulacea
3918247,Acacia asparagoides
343263,Acacia pulchella
293730,Bossiaea ornata
6095354,Acacia argentina
1066379,Swainsona stenodonta
3917856,Acacia leptocarpa
3920244,Tephrosia sphaerospora
188178,Acacia beckleri
618999,Acacia nyssophylla
678497,Acacia hamersleyensis
215908,Daviesia incrassata
743436,Indigofera georgei
3920774,Leptosema uniflorum
46800,Templetonia hookeri
116490,Acacia courtii
3917998,Acacia latifolia
964928,Pultenaea densifolia
3920339,Tephrosia flagellaris
858425,Cullen pallidum
357915,Crotalaria eremaea
3918321,Acacia dietrichiana
3918423,Acacia farinosa
3928346,Bossiaea riparia
811979,Canavalia cathartica
1062316,Acacia glaucocarpa
3921011,Gompholobium subulatum
730360,Acacia nanodealbata
3917629,Acacia saxicola
867931,Acacia drummondii
6095558,Vachellia valida
828684,Uraria lagopodioides
3928360,Bossiaea brownii
633807,Acacia lysiphloia
3917780,Acacia everistii
3917747,Acacia lasiocarpa
636342,Acacia storyi
3917993,Acacia difformis
6095539,Vachellia clarksoniana
848685,Acacia multispicata
3927044,Zornia prostrata
3918449,Acacia piligera
3918063,Acacia daviesioides
3921043,Daviesia filipes
3917882,Acacia multisiliqua
3917633,Acacia lanigera
3917776,Acacia armitii
429262,Crotalaria medicaginea
3917753,Acacia glandulicarpa
188190,Acacia cupularis
3917850,Acacia iteaphylla
6095452,Acacia tingoorensis
3921356,Cajanus pubescens
96331,Indigofera linnaei
711661,Acacia kempeana
97452,Acacia ramulosa
3920076,Tephrosia savannicola
3918326,Acacia grasbyi
3921055,Daviesia striata
285078,Senna glutinosa
60606,Acacia nuperrima
3920839,Pultenaea prostrata
3917877,Acacia littorea
3920320,Tephrosia astragaloides
3918146,Acacia pubirhachis
3918112,Acacia georginae
431269,Acacia rhigiophylla
1011944,Indigofera hirsuta
121729,Acacia continua
3918254,Acacia undulifolia
523450,Acacia tumida
3921758,Kennedia prorepens
97454,Acacia pruinocarpa
163596,Flemingia lineata
3917589,Acacia leucolobia
97720,Crotalaria novae-hollandiae
3917767,Acacia desertorum
3928296,Hovea lorata
3918223,Acacia armillata
3917755,Acacia julifera
3917705,Acacia steedmanii
3926113,Swainsona colutoides
3920867,Dillwynia ramosissima
639533,Indigofera boviperda
4730390,Acacia sericophylla
3918040,Acacia rothii
60619,Acacia monticola
566928,Acacia brachystachya
867538,Indigofera rugosa
908055,Leptosema aphyllum
3918034,Vachellia suberosa
3918392,Acacia setulifera
474654,Chamaecrista rotundifolia
3928335,Bossiaea oligosperma
3917826,Acacia neurophylla
766994,Alysicarpus vaginalis
3922044,Flemingia parviflora
3917571,Acacia kydrensis
3917910,Acacia poliochroa
6095381,Acacia doreta
97456,Acacia silvestris
3921040,Daviesia flava
3921037,Daviesia arenaria
856988,Archidendropsis basaltica
953972,Macrotyloma uniflorum
342892,Indigofera trita
621040,Acacia coriacea
3920881,Dillwynia pungens
636336,Acacia ampliceps
3917621,Acacia humifusa
3920851,Pultenaea campbellii
1066377,Swainsona purpurea
3922065,Centrosema pascuorum
1082494,Gastrolobium parviflorum
739664,Daviesia rhombifolia
3917772,Acacia plectocarpa
3918361,Acacia baueri
188176,Acacia extensa
3920977,Isotropis winneckei
3928300,Hovea apiculata
3918186,Acacia trinervata
633791,Acacia microbotrya
3917950,Acacia striatifolia
6095441,Acacia sporadica
3918106,Vachellia pachyphloia
3921038,Daviesia brevifolia
3920129,Tephrosia coriacea
3927089,Zornia pallida
3917696,Acacia torulosa
3918128,Acacia andrewsii
1036683,Pultenaea strobilifera
3918396,Acacia sparsiflora
3918131,Acacia squamata
3918197,Acacia conjunctifolia
3926092,Swainsona brachycarpa
3918068,Acacia alleniana
964925,Pultenaea baeuerlenii
3920842,Pultenaea polifolia
3917735,Acacia hockingsii
6095712,Bossiaea barbarae
982228,Pultenaea dentata
3920327,Tephrosia stipuligera
640203,Chamaecrista nigricans
3917933,Acacia attenuata
3917970,Acacia purpureopetala
639790,Acacia blayana
213325,Acacia rostellifera
1036684,Pultenaea williamsoniana
3918308,Acacia curvata
3918083,Acacia sphenophylla
711670,Acacia hemiteles
3918214,Acacia hemignosta
3929342,Aphyllodium australiense
566926,Acacia ayersiana
3918028,Acacia convallium
3918100,Acacia restiacea
435415,Acacia crassicarpa
3918219,Acacia sulcata
3917884,Acacia orthocarpa
3918271,Acacia urophylla
3920170,Tephrosia remotiflora
46051,Acacia empelioclada
3917978,Acacia ptychoclada
739660,Daviesia nudiflora
3918061,Acacia aculeiformis
3920930,Mirbelia floribunda
516266,Gastrolobium nutans
795002,Petalostylis labicheoides
6095400,Acacia kulnurensis
276483,Cullen discolor
3928317,Hovea graniticola
1093309,Gastrolobium retusum
5785450,Erythrina numerosa
3917982,Acacia gillii
3920999,Gompholobium marginatum
3918260,Acacia nigripilosa
4730349,Acacia midgleyi
53288,Acacia citrinoviridis
474650,Crotalaria cunninghamii
336284,Lysiphyllum binatum
1082498,Mirbelia depressa
3928016,Crotalaria brevis
993375,Lamprolobium grandiflorum
3920880,Dillwynia uncinata
3917821,Acacia sphaerostachya
46049,Acacia gonoclada
3922926,Indigofera basedowii
1062327,Acacia debilis
1011938,Indigofera haplophylla
266929,Daviesia angulata
215911,Daviesia nematophylla
3927142,Dendrolobium arbuscula
3926106,Swainsona leeana
3918026,Acacia auronitens
3920952,Jacksonia forrestii
571228,Pultenaea verruculosa
3926103,Swainsona fissimontana
886380,Neustanthus phaseoloides
6095396,Acacia infecunda
901227,Senna venusta
3918414,Acacia argyraea
711668,Acacia hammondii
343271,Acacia lycopodiifolia
3920940,Jacksonia restioides
128253,Trifolium angustifolium
3917677,Acacia tenuissima
820209,Chorizema aciculare
726481,Aenictophyton reconditum
3918060,Acacia patagiata
3918189,Acacia phasmoides
3920951,Jacksonia aculeata
3928318,Hovea nana
3921810,Rhynchosia australis
3918330,Acacia eremaea
3918421,Acacia latipes
18776,Carmichaelia exsul
3917906,Acacia simsii
3918109,Acacia whitei
351089,Acacia bivenosa
3928367,Bossiaea bossiaeoides
797711,Acacia acradenia
3921348,Cajanus reticulatus
3923002,Indigofera helmsii
3928366,Bossiaea rosmarinifolia
3920864,Almaleea subumbellata
7055776,Flemingia trifoliata
3918354,Acacia polyadenia
3920072,Tephrosia phaeosperma
1007574,Vandasina retusa
3916796,Senna costata
3920292,Tephrosia leptoclada
581632,Acacia translucens
839209,Pultenaea pedunculata
1081336,Acacia platycarpa
87710,Acacia minyura
858421,Cullen leucanthum
739661,Daviesia nova-anglica
3917582,Acacia cuthbertsonii
340944,Daviesia decurrens
135029,Glycine cyrtoloba
3917923,Acacia drepanocarpa
3918487,Acacia tetanophylla
89968,Mirbelia viminalis
3918297,Acacia aculeatissima
3917926,Acacia anfractuosa
7632099,Acacia citriodora
591769,Swainsona decurrens
3918084,Acacia brassii
3917600,Acacia ixodes
3921160,Dunbaria debilis
3917644,Acacia rivalis
46069,Acacia jibberdingensis
684192,Swainsona phacoides
3917560,Acacia froggattii
3918313,Acacia guymeri
3926888,Dalbergia densa
3918201,Acacia ancistrophylla
3922766,Indigofera monophylla
6095461,Acacia williamsiana
3921873,Rhynchosia rhomboidea
97458,Acacia redolens
3920873,Dillwynia oreodoxa
3917974,Acacia resinimarginea
335057,Senna notabilis
3917928,Acacia petraea
333434,Bossiaea linophylla
6095353,Acacia aptaneura
3917901,Acacia subtessarogona
8878,Cathormion umbellatum
6095437,Acacia simmonsiana
3918103,Acacia trigonophylla
570705,Erythrina caffra
3917637,Acacia shirleyi
60604,Acacia pachycarpa
3917959,Acacia paraneura
3917591,Acacia mountfordiae
3918211,Acacia lunata
3929211,Sesbania erubescens
422182,Swainsona lessertiifolia
591296,Pultenaea gunnii
3917903,Acacia densiflora
3920984,Gompholobium polymorphum
3920323,Tephrosia laxa
3917862,Acacia intricata
266928,Daviesia benthamii
669250,Isotropis foliosa
1025283,Crotalaria laburnifolia
3917670,Acacia triptycha
660545,Acacia vestita
3918222,Acacia yorkrakinensis
97445,Acacia spondylophylla
478370,Swainsona microphylla
3917981,Acacia coolgardiensis
3922802,Indigofera polygaloides
3917866,Acacia mimula
3918204,Acacia producta
53275,Acacia cincinnata
4730358,Acacia lamprocarpa
3917667,Acacia latescens
7055801,Daviesia apiculata
848681,Acacia jonesii
3920936,Leptosema chambersii
806245,Vigna radiata
3917900,Acacia moirii
485962,Acacia olsenii
3917987,Acacia divergens
3929853,Pycnospora lutescens
3918205,Acacia conspersa
3918358,Acacia lachnophylla
3917902,Acacia porcata
246680,Almaleea cambagei
3918440,Acacia fragilis
761081,Gastrolobium rigidum
3927758,Crotalaria crispata
276261,Lysiphyllum cunninghamii
3917757,Acacia subcaerulea
3918303,Acacia gonocarpa
4730372,Acacia pedina
7055844,Daviesia villifera
591765,Swainsona campylantha
3921044,Daviesia hakeoides
498063,Eutaxia neurocalyx
3926120,Swainsona incei
3917603,Acacia luteola
3920056,Tephrosia filipes
908908,Senna oligoclada
3918430,Acacia legnota
808760,Senna magnifolia
3917700,Acacia nesophila
3917871,Acacia fleckeri
7632115,Acacia hamiltoniana
566930,Acacia cochlearis
3918005,Acacia grandifolia
3917708,Acacia kalgoorliensis
3918280,Acacia laccata
18361,Pultenaea indira
768126,Indigofera spicata
7055823,Daviesia major
3917953,Acacia truncata
3918474,Acacia flavescens
229536,Crotalaria lanceolata
1068724,Gastrolobium crassifolium
3918039,Acacia browniana
500317,Pterocarpus indicus
3920270,Tephrosia oblongata
3917574,Acacia applanata
3917679,Acacia hemsleyi
18365,Pultenaea juniperina
3927077,Zornia albiflora
60610,Vachellia nilotica
3917765,Acacia unifissilis
3918352,Acacia cataractae
3917689,Acacia ulicina
3918277,Acacia polystachya
1011225,Acacia alpina
3920996,Gompholobium foliolosum
3928307,Hovea speciosa
475058,Mirbelia seorsifolia
3917622,Acacia pustula
3918097,Acacia chrysopoda
3928294,Hovea planifolia
3920915,Sphaerolobium drummondii
170063,Chamaecrista absus
3921343,Cajanus aromaticus
3917931,Acacia calantha
730413,Acacia trachyphloia
343257,Acacia spinescens
3917712,Acacia resinicostata
3918001,Acacia hadrophylla
4730363,Acacia areolata
535353,Acacia anceps
3928331,Bossiaea carinalis
831393,Senna phyllodinea
3917725,Acacia stipulosa
3920862,Almaleea capitata
3921045,Daviesia costata
3920843,Pultenaea boormanii
15713,Swainsona pterostylis
3918289,Acacia yirrkallensis
3917566,Acacia helicophylla
3918167,Acacia brachyphylla
7055802,Daviesia argillacea
899164,Senna pleurocarpa
1031884,Podolobium aestivum
814489,Acacia lasiocalyx
591300,Pultenaea echinula
814465,Acacia perryi
964134,Phyllodium pulchellum
3920002,Ormosia ormondii
3917893,Acacia semilunata
3918346,Acacia blaxellii
6095763,Listia bainesii
3918114,Acacia spirorbis
3918475,Acacia megalantha
3918402,Acacia leptopetala
3926108,Swainsona burkittii
3928319,Hovea nitida
3921027,Daviesia longifolia
3918151,Acacia barattensis
3920997,Gompholobium ovatum
889178,Acacia inaequilatera
3926115,Swainsona forrestii
3918445,Acacia heteroneura
7055677,Hanslia ormocarpoides
3921057,Daviesia asperula
444202,Acacia mangium
3918125,Acacia peuce
3919778,Cullen badocanum
6095429,Acacia rostriformis
3920877,Dillwynia acerosa
3918292,Acacia leptospermoides
858414,Cullen pustulatum
814482,Acacia leioderma
3916521,Labichea lanceolata
547013,Macroptilium lathyroides
3918398,Acacia sessilispica
3918113,Acacia semirigida
3920057,Tephrosia arnhemica
3928369,Platylobium triangulare
3918776,Adenanthera abrosperma
3929240,Sesbania benthamiana
405905,Euchilopsis linearis
3917559,Acacia sibina
571222,Pultenaea tarik
1026229,Galactia striata
3918317,Acacia polifolia
46803,Plagiocarpus axillaris
60608,Acacia notabilis
3917976,Acacia subternata
3916518,Labichea teretifolia
791071,Crotalaria verrucosa
756415,Templetonia sulcata
3918009,Acacia willdenowiana
3918438,Acacia chippendalei
3917804,Acacia macnuttiana
3926104,Swainsona laxa
6095458,Acacia viscifolia
3917579,Acacia williamsonii
3927140,Dendrolobium umbellatum
104557,Acacia sclerophylla
3918163,Acacia maranoensis
3917756,Acacia scirpifolia
3920943,Jacksonia spinosa
3920871,Dillwynia juniperina
566936,Acacia chinchillensis
3917960,Acacia cedroides
3920948,Jacksonia ramosissima
794899,Sophora howinsula
3921012,Gastrolobium parvifolium
234453,Senna acclinis
3920992,Gompholobium hendersonii
6095451,Acacia thoma
581622,Acacia rossei
3917917,Acacia gonophylla
3917752,Acacia bidentata
3916515,Labichea buettneriana
3918047,Acacia maitlandii
3918194,Acacia sublanata
3918381,Acacia merinthophora
3917634,Acacia helmsiana
6095362,Acacia caesaneura
3918416,Acacia erinacea
3920097,Tephrosia bidwillii
342884,Indigofera trifoliata
3918394,Acacia chalkeri
274243,Acacia cyperophylla
3921358,Cajanus latisepalus
170183,Pongamia pinnata
3920957,Jacksonia grevilleoides
3920335,Tephrosia rufula
18368,Pultenaea muelleri
5147371,Tephrosia baueri
3921032,Daviesia polyphylla
952066,Glycine falcata
3918101,Acacia johannis
3918133,Acacia sphacelata
3917936,Acacia celastrifolia
3917761,Acacia merrallii
3918364,Acacia abrupta
3928344,Bossiaea pulchella
3917991,Acacia basedowii
1093434,Acacia angusta
3921020,Daviesia discolor
1082491,Gastrolobium coriaceum
3920953,Jacksonia dilatata
3917738,Acacia oraria
3927094,Zornia chaetophora
855955,Kennedia coccinea
3917795,Acacia exocarpoides
3920162,Tephrosia oligophylla
3916423,Piliostigma malabaricum
3921001,Gompholobium baxteri
678489,Acacia eriopoda
997666,Acacia colei
428683,Acacia dempsteri
3920875,Dillwynia divaricata
584970,Gastrolobium capitatum
3918092,Acacia echinuliflora
6097023,Cajanus geminatus
3918182,Acacia hyaloneura
3918456,Acacia varia
3923005,Indigofera leucotricha
1013128,Acacia synchronicia
7632155,Acacia wollarensis
3918480,Acacia acanthoclada
3918166,Acacia minutifolia
1066383,Swainsona villosa
3920807,Phyllota barbata
720803,Indigofera oblongifolia
3918452,Acacia neurocarpa
419493,Pultenaea stricta
3918395,Acacia jasperensis
592510,Vigna luteola
459822,Pultenaea victoriensis
3920995,Gompholobium nitidum
456278,Pultenaea reticulata
3920970,Jacksonia angulata
964919,Pultenaea costata
3928298,Hovea corrickiae
3928337,Bossiaea disticha
222826,Calopogonium mucunoides
3920935,Leptosema anomalum
3928358,Bossiaea peduncularis
3928338,Bossiaea spinescens
656774,Caesalpinia crista
347659,Swainsona canescens
295810,Oxylobium cordifolium
3921039,Daviesia lancifolia
4730367,Acacia hopperiana
3918230,Acacia trachycarpa
3922992,Indigofera circinella
7055655,Alysicarpus muelleri
558891,Chorizema obtusifolium
3920800,Latrobea diosmifolia
3928326,Muelleranthus stipularis
3918337,Acacia huegelii
3918180,Acacia ligustrina
3920841,Pultenaea canaliculata
4730391,Acacia celsa
342886,Indigofera tinctoria
1012177,Senna surattensis
3917814,Acacia congesta
3918378,Acacia anaticeps
1081329,Acacia glaucoptera
3927045,Zornia latifolia
619003,Acacia pachyacra
97447,Acacia anthochaera
3918348,Acacia barbinervis
3921340,Cajanus acutifolius
3918086,Acacia insolita
3918437,Acacia nematophylla
855810,Lysiphyllum hookeri
3917746,Acacia linarioides
3916511,Labichea nitida
3926102,Swainsona burkei
739663,Daviesia rubiginosa
3920906,Sphaerolobium pubescens
3920910,Sphaerolobium macranthum
3920961,Jacksonia condensata
3918094,Acacia hastulata
3920164,Tephrosia arenicola
505946,Gastrolobium plicatum
3917663,Acacia stereophylla
3921165,Dunbaria punctata
316099,Prosopis glandulosa
3918384,Acacia sclerosperma
908060,Muelleranthus trifoliolatus
188184,Acacia argyrophylla
3920968,Jacksonia vernicosa
3920946,Jacksonia thesioides
986330,Pultenaea rotundifolia
864230,Acacia frigescens
558892,Chorizema dicksonii
3921349,Cajanus mareebensis
3917771,Acacia delibrata
633799,Acacia fasciculifera
3918213,Acacia dentifera
3922930,Indigofera saxicola
3917827,Acacia validinervia
53295,Acacia dictyoneura
1069711,Acacia axillaris
800260,Glycine arenaria
6095410,Acacia microcybe
3917599,Acacia stellaticeps
3926119,Swainsona gracilis
3920813,Pultenaea humilis
36444,Stylosanthes hamata
3917639,Acacia pinguifolia
3917654,Acacia laricina
3920955,Jacksonia racemosa
89971,Mirbelia baueri
436353,Acacia praelongata
3917722,Acacia aprepta
3928189,Rothia indica
3916524,Petalostylis cassioides
3918311,Acacia arrecta
1072867,Melilotus indicus
89966,Mirbelia rhagodioides
3918208,Acacia scopulorum
3921345,Cajanus confertiflorus
3920925,Mirbelia granitica
6095360,Acacia burrana
3920229,Tephrosia stuartii
3920032,Tephrosia porrecta
3917785,Vachellia ditricha
3926105,Swainsona maccullochiana
3928310,Hovea magnibractea
3917669,Acacia lazaridis
404244,Clitoria ternatea
3917919,Acacia halliana
554915,Acacia retivenea
882772,Acacia mollifolia
711672,Acacia heteroclita
3928313,Hovea clavata
3918143,Acacia ammobia
3920116,Tephrosia lamprolobioides
555968,Gastrolobium praemorsum
3920166,Tephrosia benthamii
3916825,Cassia brewsteri
6095551,Vachellia pallidifolia
516257,Gastrolobium floribundum
6095371,Acacia cretacea
591771,Swainsona kingii
3918314,Acacia gittinsii
382784,Isotropis cuneifolia
3928334,Bossiaea aquifolium
3916206,Mezoneuron scortechinii
46799,Thinicola incana
752727,Crotalaria calycina
3917607,Acacia cowleana
3916860,Senna curvistyla
3918183,Acacia dissona
3916512,Labichea rupestris
1076887,Cullen cinereum
6095430,Acacia rubricaulis
784595,Acacia papyrocarpa
3918418,Acacia proiantha
772598,Acacia inaequiloba
3920814,Pultenaea involucrata
3917609,Acacia floydii
112122,Vachellia bidwillii
3920990,Gompholobium simplicifolium
148494,Senna hirsuta
3918006,Acacia wardellii
3926096,Swainsona oliveri
3918355,Acacia handonis
1062321,Acacia loroloba
7055794,Cullen leucochaites
3917990,Acacia grayana
3917692,Acacia enervia
3918473,Acacia hubbardiana
3927883,Crotalaria humifusa
3926088,Swainsona rostellata
640196,Senna sulfurea
3918472,Acacia dodonaeifolia
3920898,Chorizema uncinatum
964924,Pultenaea barbata
3920198,Tephrosia supina
539270,Lupinus cosentinii
385836,Indigofera ewartiana
910915,Gastrolobium laytonii
3920916,Sphaerolobium daviesioides
660535,Acacia stigmatophylla
3917572,Acacia ptychophylla
46060,Acacia cretata
3918300,Acacia auricoma
267997,Crotalaria retusa
3917846,Acacia lacertensis
3920890,Aotus subspinescens
3918082,Senegalia albizioides
478368,Swainsona flavicarinata
566801,Gastrolobium tetragonophyllum
599227,Entada phaseoloides
3918013,Acacia pellita
555964,Gastrolobium calycinum
3917045,Senna planitiicola
352735,Chamaecytisus prolifer
743443,Indigofera glandulosa
146456,Indigofera cordifolia
3917964,Acacia brumalis
3917949,Acacia arafurica
1088033,Crotalaria aridicola
3917973,Acacia calcarata
3918465,Acacia limbata
3921341,Cajanus marmoratus
6095431,Acacia rubricola
3918388,Acacia tenuinervis
6095384,Acacia exigua
3918016,Acacia meiosperma
7055800,Daviesia aphylla
335059,Senna obtusifolia
3917819,Acacia binata
3918030,Acacia arida
571226,Pultenaea tenuifolia
3918415,Acacia rostellata
3917817,Acacia consanguinea
431281,Acacia riceana
6095449,Acacia tabula
3928328,Bossiaea leptacantha
3920782,Gastrolobium reticulatum
3920139,Tephrosia elegans
6095417,Acacia neobrachycarpa
3919265,Archidendron vaillantii
3928370,Platylobium alternifolium
3918370,Acacia ericifolia
3917624,Acacia hylonoma
3918017,Acacia leptophleba
3917631,Acacia adsurgens
640192,Chamaecrista mimosoides
844386,Erythrophleum chlorostachys
3920275,Tephrosia juncea
323889,Cyclocarpa stellaris
6095369,Acacia cockertoniana
6095416,Acacia nanopravissima
444643,Gastrolobium punctatum
3921062,Daviesia grahamii
6095388,Acacia fraternalis
3918079,Acacia quadrisulcata
3917617,Acacia oxyclada
3918374,Acacia sericocarpa
3920896,Chorizema reticulatum
6095426,Acacia provincialis
39530,Abrus precatorius
137007,Vicia tetrasperma
505943,Gastrolobium obovatum
3918255,Acacia filipes
591298,Pultenaea empetrifolia
6095463,Acacia yalwalensis
682363,Alysicarpus ovalifolius
18369,Pultenaea luehmannii
3917597,Acacia praetermissa
677998,Tephrosia candida
333440,Chorizema genistoides
571227,Pultenaea trinervis
1082500,Gastrolobium spinosum
4730364,Acacia macraneura
1064460,Derris trifoliata
3918232,Acacia islana
3920790,Urodon dasyphyllus
3918095,Acacia brockii
3920791,Eutaxia parvifolia
3917724,Acacia retinervis
3920932,Leptosema aculeatum
1082497,Gastrolobium grandiflorum
3920942,Jacksonia odontoclada
6095444,Acacia subcontorta
3918382,Acacia oligoneura
3918307,Acacia mimica
959676,Cassia fistula
382499,Callistachys lanceolata
3920079,Tephrosia macrostachya
3918187,Acacia stenoptera
3918340,Acacia subracemosa
3918483,Acacia gracilenta
619760,Hovea pungens
1066375,Swainsona parviflora
739658,Daviesia pachyphylla
397810,Hovea elliptica
3928365,Bossiaea preissii
3928353,Bossiaea eriocarpa
3918124,Acacia alcockii
728913,Storckiella australiensis
555963,Gastrolobium congestum
485370,Crotalaria spectabilis
3918426,Acacia cassicula
3921034,Daviesia pedunculata
3918172,Acacia didyma
3920085,Tephrosia gaudium-solis
3921018,Gastrolobium brevipes
3918177,Acacia sessilis
3918058,Acacia dictyophleba
1036678,Pultenaea vrolandii
3918064,Acacia conniana
3920908,Sphaerolobium scabriusculum
3920310,Tephrosia rosea
3916514,Labichea stellata
3918275,Acacia hendersonii
6095418,Acacia neorigida
72927,Biancaea decapetala
3920895,Chorizema ilicifolium
619756,Hovea arnhemica
419495,Pultenaea subalpina
3921042,Daviesia cardiophylla
566940,Acacia craspedocarpa
3928339,Bossiaea rufa
6095720,Bossiaea milesiae
901217,Senna spectabilis
3917657,Acacia hippuroides
3920914,Sphaerolobium grandiflorum
3917957,Acacia gilbertii
3927080,Zornia muelleriana
3918461,Acacia ramiflora
3917659,Acacia inceana
3917554,Acacia deficiens
3921855,Rhynchosia acuminatissima
7055817,Daviesia grossa
3921004,Gompholobium aristatum
1092358,Indigofera sessiliflora
3918225,Acacia graniticola
3920954,Jacksonia hakeoides
3917555,Acacia gnidium
3917911,Acacia uncinella
3920924,Mirbelia trichocalyx
3917968,Acacia pritzeliana
92805,Falcataria toona
3920246,Tephrosia subpectinata
350836,Macroptilium atropurpureum
761086,Gastrolobium polystachyum
6095540,Vachellia douglasica
3916510,Labichea cassioides
812370,Tamarindus indica
3921364,Cajanus cinereus
3918785,Neptunia major
790279,Daviesia divaricata
436337,Acacia marramamba
858417,Cullen graveolens
409627,Pultenaea petiolaris
3921025,Daviesia preissii
7055819,Daviesia intricata
3917854,Acacia araneosa
3917648,Acacia jensenii
3921365,Cajanus lanceolatus
136995,Lathyrus latifolius
138659,Tephrosia purpurea
1056067,Ulex europaeus
1056096,Vicia sativa
3921005,Gompholobium confertum
119032,Lotus subbiflorus
1086808,Lupinus arboreus
976209,Ornithopus pinnatus
421264,Desmodium tortuosum
928416,Robinia pseudoacacia
858222,Hovea trisperma
6095442,Acacia stictophylla
555966,Gastrolobium bilobum
687091,Desmodium uncinatum
1030433,Lupinus angustifolius
182064,Daviesia triflora
930721,Samanea saman
3920499,Austrosteenisia stipularis
76062,Trifolium dubium
848212,Dipogon lignosus
3929809,Aphyllodium biarticulatum
3920803,Phyllota pleurandroides
6095456,Acacia uncifolia
3927070,Zornia floribunda
3921534,Erythrina sykesii
3926100,Swainsona stipularis
3921002,Gompholobium scabrum
859865,Senna septemtrionalis
867927,Acacia alata
555517,Albizia lebbeck
118613,Labichea punctata
581363,Dichrostachys cinerea
1076902,Ornithopus compressus
189478,Acacia retinodes
162657,Glycine rubiginosa
7055837,Daviesia sejugata
3920837,Pultenaea acerosa
839027,Trifolium pratense
404635,Senna alata
484501,Lotus pedunculatus
3922094,Centrosema molle
366599,Peltophorum pterocarpum
7055821,Daviesia lineata
90121,Vicia monantha
597359,Trifolium scabrum
374489,Medicago minima
46067,Acacia leiophylla
1066889,Trifolium glomeratum
1060499,Medicago truncatula
3926091,Swainsona tephrotricha
659650,Acacia triquetra
3917834,Acacia tarculensis
3920834,Pultenaea rigida
33303,Retama raetam
757700,Senna cardiosperma
3917643,Acacia clelandii
3920801,Phyllota remota
772637,Acacia enterocarpa
3918038,Acacia spilleriana
230331,Trifolium stellatum
3918158,Acacia rhetinocarpa
548848,Lysiphyllum gilvum
884613,Acacia wattsiana
711190,Spartium junceum
3921056,Daviesia pectinata
855957,Kennedia nigricans
788501,Medicago scutellata
8608,Neptunia dimorphantha
3918272,Acacia gilesiana
38042,Melilotus albus
3918319,Acacia menzelii
591295,Pultenaea graveolens
3917681,Acacia imbricata
76058,Trifolium fragiferum
3920975,Isotropis wheeleri
6095394,Acacia incurvaneura
459823,Pultenaea vestita
858431,Cullen parvum
711676,Acacia howittii
571225,Pultenaea trichophylla
1036681,Pultenaea viscidula
554264,Glycyrrhiza glabra
591297,Pultenaea elachista
6095453,Acacia toondulya
3926107,Swainsona microcalyx
3917892,Acacia praemorsa
3918127,Acacia gracilifolia
3917833,Acacia symonii
3926118,Swainsona campestris
136391,Pultenaea trifida
230319,Trifolium strictum
3918121,Acacia whibleyana
374481,Medicago laciniata
424987,Medicago rugosa
193971,Medicago littoralis
188192,Acacia confluens
3928322,Templetonia battii
3921049,Daviesia stricta
18364,Pultenaea kraehenbuehlii
3918293,Acacia tenuior
230329,Trifolium striatum
301791,Trifolium hirtum
3928357,Bossiaea dentata
3918138,Acacia quornensis
332948,Prosopis juliflora
230321,Trifolium vesiculosum
410486,Crotalaria smithiana
3917966,Acacia hexaneura
375169,Trifolium suffocatum
3926097,Swainsona unifoliolata
3928363,Bossiaea bracteosa
53299,Acacia delphina
6095726,Bossiaea smithiorum
3920295,Tephrosia spechtii
612454,Crotalaria juncea
3917840,Acacia evenulosa
3920847,Pultenaea platyphylla
3920982,Gompholobium polyzygum
3928303,Hovea angustissima
3918178,Acacia crassistipula
768122,Flemingia macrophylla
3921054,Daviesia purpurascens
566924,Acacia camptoclada
3918443,Acacia xanthocarpa
3920239,Tephrosia virens
783231,Cajanus scarabaeoides
3918380,Acacia anastema
6095374,Acacia daviesii
3920962,Jacksonia cupulifera
3918144,Acacia ammophila
89970,Mirbelia ramulosa
858228,Erichsenia uncinata
3916851,Cassia tomentella
920335,Bossiaea cordigera
3921727,Galactia megalophylla
409624,Pultenaea purpurea
3929224,Sesbania simpliciuscula
3917651,Acacia sibilans
439097,Leptosema daviesioides
3929822,Christia australasica
3917784,Acacia jamesiana
7055835,Daviesia schwarzenegger
3918262,Acacia galeata
541300,Crotalaria dissitiflora
3917763,Acacia chrysochaeta
3917971,Acacia spania
3918221,Vachellia sutherlandii
5921926,Acacia effusifolia
3920963,Jacksonia nematoclada
3920180,Tephrosia glomeruliflora
6095359,Acacia burdekensis
3916810,Senna cladophylla
3918489,Acacia dielsii
225259,Sesbania brachycarpa
4730384,Acacia pteraneura
589704,Stylosanthes scabra
859861,Senna siamea
3918486,Acacia caerulescens
3920920,Mirbelia aotoides
554925,Neptunia monosperma
3917977,Acacia delicatula
667101,Albizia canescens
624475,Acacia rhodophloia
3917796,Acacia spongolitica
6095393,Acacia incognita
3920825,Pultenaea tenella
3918065,Acacia dunnii
3917790,Acacia crassuloides
505942,Gastrolobium hookeri
3917590,Acacia quadrimarginea
431265,Acacia phlebophylla
3918240,Acacia resinistipulea
3922285,Eriosema chinense
12268,Gastrolobium dilatatum
1036679,Pultenaea whiteana
174260,Acacia abbreviata
3928349,Bossiaea cucullata
3917768,Acacia rendlei
457594,Aeschynomene villosa
6095411,Acacia minniritchi
3917577,Acacia tephrina
510783,Medicago praecox
3921029,Daviesia elongata
3926585,Smithia conferta
3918368,Acacia obovata
3928364,Bossiaea armitii
3921762,Kennedia carinata
7055641,Lotus rectus
7055846,Gompholobium oreophilum
3917828,Acacia flavipila
619001,Acacia olgana
3917847,Acacia baxteri
3918199,Acacia lineolata
800228,Glycine curvata
131464,Lathyrus nissolia
3920196,Tephrosia barbatala
32693,Daviesia arthropoda
3916852,Senna goniodes
986332,Pultenaea sericea
3920886,Aotus procumbens
3917611,Acacia tysonii
838410,Stylosanthes humilis
3917563,Acacia spinosissima
3918078,Acacia calyculata
3918356,Acacia clydonophora
3917618,Acacia excentrica
3920947,Jacksonia sternbergiana
215910,Daviesia mollis
3920827,Pultenaea prolifera
3922040,Flemingia pauciflora
3928295,Hovea tholiformis
3921003,Gompholobium gompholobioides
3918239,Acacia oldfieldii
3920973,Isotropis centralis
771279,Calicotome spinosa
3927042,Zornia adenophora
3921009,Gompholobium tomentosum
340946,Daviesia daphnoides
3918496,Acacia sericata
3918007,Acacia longiphyllodinea
3917691,Acacia anasilla
558889,Isotropis forrestii
931949,Tipuana tipu
358601,Zornia areolata
3918450,Acacia signata
6095385,Acacia exudans
3920991,Gompholobium knightianum
621038,Acacia mackeyana
3920835,Pultenaea daltonii
3918288,Acacia incrassata
3927406,Desmodium tenax
3922934,Indigofera tryonii
7055806,Daviesia campephylla
3928304,Hovea densivellosa
3916516,Labichea digitata
3918304,Acacia pachypoda
3918192,Acacia inamabilis
3917742,Acacia duriuscula
781311,Archidendropsis thozetiana
889187,Acacia chartacea
3928342,Bossiaea praetermissa
3928314,Hovea tasmanica
3928355,Bossiaea halophila
3920131,Tephrosia maculata
3928333,Bossiaea webbii
3926114,Swainsona laciniata
3920939,Jacksonia capitata
3920793,Eutaxia virgata
3918220,Acacia crombiei
3921010,Gompholobium viscidulum
820199,Chorizema rhombeum
3918347,Acacia multistipulosa
790268,Daviesia emarginata
8611,Neptunia prostrata
3916513,Labichea brassii
986328,Pultenaea spinulosa
7055879,Plagiocarpus conduplicatus
3927131,Dendrolobium stipatum
3920247,Tephrosia macrocarpa
3917748,Acacia masliniana
104580,Acacia macradenia
195815,Neonotonia wightii
3918336,Acacia balsamea
3918209,Acacia chamaeleon
46057,Acacia dangarensis
5921958,Crotalaria pellita
1088029,Crotalaria alata
89972,Mirbelia longifolia
4730375,Acacia fuscaneura
3928345,Bossiaea arenicola
882216,Jacksonia floribunda
3917794,Acacia xiphophylla
3918049,Acacia sorophylla
3917595,Acacia ephedroides
959669,Chorizema cordatum
383451,Coronilla varia
3918093,Acacia adenogonia
6095377,Acacia dictyocarpa
6097147,Cullen plumosum
3920934,Leptosema bossiaeoides
3920787,Gastrolobium ilicifolium
168591,Desmodium incanum
983543,Aeschynomene aspera
3917581,Acacia aemula
6095425,Acacia prolata
3921357,Cajanus crassicaulis
3917996,Acacia aestivalis
295807,Pultenaea arida
581358,Desmanthus virgatus
340942,Daviesia cordata
3917762,Acacia tolmerensis
3917662,Acacia pycnocephala
3920207,Tephrosia conspicua
809997,Alhagi maurorum
666132,Sphaerolobium nudiflorum
3920132,Tephrosia polyzyga
320032,Acacia meisneri
81408,Glycine syndetika
3918071,Acacia diaphyllodinea
3920818,Pultenaea weindorferi
3917851,Acacia dilatata
3917961,Acacia desmondii
3928324,Templetonia smithiana
161299,Psoralea pinnata
3918031,Acacia warramaba
3918108,Acacia pubicosta
699329,Gastrolobium ebracteolatum
3917630,Acacia amblyophylla
3918439,Acacia phlebocarpa
790267,Daviesia epiphyllum
822188,Senna didymobotrya
162655,Glycine peratosa
3921046,Daviesia croniniana
3921837,Rhynchosia ferulifolia
562395,Glycine hirticaulis
3920974,Isotropis atropurpurea
3920900,Chorizema nervosum
3920958,Jacksonia argentea
3918173,Acacia uncifera
3918246,Acacia solenota
3917818,Acacia xerophila
340936,Daviesia chapmanii
3919764,Cullen balsamicum
3918458,Acacia sabulosa
3917627,Acacia thomsonii
3917875,Acacia mutabilis
3920986,Gompholobium shuttleworthii
3917035,Senna gaudichaudii
3917673,Acacia phlebopetala
3918119,Acacia microsperma
618997,Acacia nigricans
3920903,Chorizema diversifolium
3917885,Acacia jucunda
678501,Acacia idiomorpha
558886,Chorizema racemosum
3918429,Acacia aciphylla
3920892,Aotus gracillima
3920972,Isotropis parviflora
3921048,Daviesia inflata
856975,Archidendron whitei
3916520,Labichea saxicola
3917711,Acacia amputata
599853,Lespedeza juncea
858232,Daviesia rhizomata
6096817,Swainsona calcicola
3917914,Acacia ashbyae
3918341,Acacia dolichophylla
1055398,Acacia nervosa
910937,Gastrolobium bennettsianum
669231,Mirbelia microphylla
7632473,Cynometra schefferi
555971,Gastrolobium bracteolosum
3916862,Senna leptoclada
3918494,Acacia obtecta
3917693,Acacia forsythii
3917979,Acacia eremophila
982229,Pultenaea ericifolia
655317,Dichrostachys spicata
3927151,Alysicarpus bupleurifolius
797724,Acacia chrysocephala
3920888,Aotus intermedia
3918435,Acacia saxatilis
591767,Swainsona disjuncta
3918055,Acacia pachyphylla
5101,Daviesia teretifolia
3919197,Archidendron ramiflorum
3918332,Acacia jacksonioides
3918343,Acacia eremophiloides
1082495,Gastrolobium pusillum
301513,Archidendron hirsutum
3918401,Acacia acrionastes
266924,Daviesia anceps
3918025,Acacia macdonnellensis
3918115,Acacia pinguiculosa
3919307,Albizia retusa
3927040,Zornia stirlingii
3917824,Acacia orbifolia
410478,Crotalaria sessiliflora
858224,Gompholobium obcordatum
7055839,Daviesia subulata
3917564,Acacia gregorii
3917820,Acacia undoolyana
570708,Erythrina variegata
3920216,Tephrosia flammea
3917702,Acacia acutata
540592,Trifolium ambiguum
3921756,Kennedia stirlingii
875971,Crotalaria incana
3922686,Indigofera sericovexilla
3920967,Jacksonia lehmannii
996839,Uraria picta
910918,Gastrolobium stowardii
3922126,Strongylodon lucidus
3918447,Acacia harveyi
6095414,Acacia mulganeura
6095375,Acacia derwentiana
565847,Indigofera verruculosa
6095460,Acacia webbii
485973,Acacia pedleyi
3917710,Acacia richardsii
3921732,Galactia muelleri
7055836,Daviesia scoparia
3927052,Zornia oligantha
3918390,Acacia comans
659696,Prosopis pallida
46802,Cristonia biloba
3920299,Tephrosia dietrichiae
3917661,Acacia drewiana
3917586,Acacia glutinosissima
3916854,Senna hamersleyensis
3920902,Chorizema glycinifolium
3921015,Gastrolobium velutinum
3918432,Acacia deltoidea
439086,Pultenaea alea
3921019,Daviesia uniflora
3916816,Cassia eremophila
3920983,Gompholobium venustum
3918048,Acacia tetraptera
927084,Barklya syringifolia
1093443,Acacia atkinsiana
3918165,Acacia holotricha
93966,Dalbergia sissoo
7633157,Kennedia microphylla
3921041,Daviesia horrida
902815,Lupinus pilosus
3920273,Tephrosia delestangii
3921036,Daviesia quadrilatera
3920205,Tephrosia leveillei
266927,Daviesia articulata
3918046,Acacia crispula
3918229,Acacia latzii
3918117,Acacia jackesiana
562868,Aeschynomene americana
135045,Glycine argyrea
634645,Gastrolobium callistachys
3917873,Acacia gibbosa
848683,Acacia lateriticola
3920805,Phyllota luehmannii
787622,Gleditsia sinensis
374057,Ammopiptanthus mongolicus
692072,Indigofera alternans
516262,Gastrolobium hians
3918066,Acacia pharangites
3926093,Swainsona fraseri
3922743,Indigofera efoliata
38032,Medicago lupulina
947355,Lotus angustissimus
505931,Gastrolobium spathulatum
233185,Sphaerolobium medium
3921008,Gompholobium preissii
3917980,Acacia teretifolia
540594,Trifolium cernuum
689176,Trifolium ligusticum
295824,Jacksonia alata
566797,Gastrolobium villosum
7055809,Daviesia decipiens
294853,Mimosa pigra
421254,Desmodium triflorum
3921736,Galactia tenuiflora
3920066,Tephrosia simplicifolia
455715,Aeschynomene paniculata
3927299,Desmodium limense
3920109,Tephrosia eriocarpa
3927138,Dendrolobium polyneurum
3920192,Tephrosia brachycarpa
3922834,Indigofera schultziana
421262,Desmodium scorpiurus
173993,Crotalaria prostrata
1084528,Senna tora
3927166,Alysicarpus brownii
3929238,Sesbania chippendalei
3921089,Clitoria australis
3918216,Acacia wiseana
3918258,Acacia kelleri
3920302,Tephrosia reticulata
278345,Stylosanthes viscosa
3921600,Mucuna reptans
3927069,Zornia acuta
39522,Adenanthera pavonina
228631,Intsia bijuga
421064,Senna timoriensis
569266,Mucuna pruriens
3918191,Acacia sericoflora
973655,Bauhinia acuminata
638204,Stylosanthes guianensis
1012187,Desmodium heterocarpon
3917573,Acacia maconochieana
273743,Pueraria montana
963819,Leptospron adenanthum
3926777,Dalbergia candenatensis
162660,Glycine gracei
3917598,Acacia amanda
66193,Prosopis velutina
973641,Bauhinia tomentosa
932416,Glycine pullenii
507848,Albizia procera
516263,Gastrolobium involutum
556371,Acacia karina
6095399,Acacia kulinensis
509765,Acacia woodmaniorum
3917741,Acacia telmica
6095434,Acacia serpentinicola
3918287,Acacia biflora
1069757,Vicia eriocarpa
187707,Genista stenopetala
439093,Aotus cordifolia
584969,Gastrolobium minus
3920806,Phyllota diffusa
3920987,Gompholobium burtonioides
611053,Lessertia frutescens
592373,Trifolium ornithopodioides
18359,Pultenaea ochreata
589691,Stylosanthes montevidensis
3921017,Gastrolobium racemosum
626803,Astragalus hamosus
5147709,Genista spachiana
3920794,Eutaxia cuneata
858223,Gompholobium villosum
646637,Erythrostemon gilliesii
3920918,Sphaerolobium racemulosum
1066895,Trifolium hybridum
3917830,Acacia demissa
1066897,Trifolium cherleri
374480,Medicago italica
490828,Daviesia physodes
510043,Lathyrus sphaericus
824983,Anthyllis barba-jovis
3920964,Jacksonia furcellata
3919763,Psoralea arborea
539541,Vicia cracca
3920944,Jacksonia rhadinoclada
3920792,Eutaxia epacridoides
3921353,Cajanus viscidus
3920976,Isotropis juncea
3924322,Astragalus sesameus
761083,Gastrolobium reflexum
3918441,Acacia subflexuosa
3921024,Daviesia eremaea
456284,Stonesiella selaginoides
198259,Erythrostemon fimbriatus
3917890,Acacia cochlocarpa
295817,Jacksonia macrocalyx
6095440,Acacia spooneri
215907,Daviesia gracilis
7055912,Crotalaria trifoliastrum
1065968,Vicia villosa
3927047,Zornia diphylla
3922893,Indigofera ammobia
3927773,Crotalaria linifolia
7055808,Daviesia cunderdin
692062,Indigastrum argyroides
3927170,Alysicarpus rugosus
3916927,Senna floribunda
3918210,Acacia lobulata
490829,Daviesia brachyphylla
350596,Acacia pataczekii
666939,Desmodium intortum
3917036,Senna multiglandulosa
269759,Pultenaea radiata
333445,Daviesia pachyloma
640679,Ornithopus perpusillus
19401,Trifolium uniflorum
340950,Daviesia dilatata
964921,Pultenaea brachytropis
867130,Medicago arborea
55901,Medicago intertexta
156245,Vicia lens
761236,Virgilia oroboides
3918181,Acacia hystrix
3918428,Acacia castanostegia
4730368,Acacia umbraculiformis
6095370,Acacia collegialis
3918185,Acacia ingrata
3918004,Acacia brachyclada
3918155,Acacia kochii
46798,Templetonia neglecta
3918256,Acacia longipedunculata
3917569,Acacia volubilis
3917557,Acacia startii
274403,Acacia declinata
3918231,Acacia effusa
7055824,Daviesia microcarpa
772602,Acacia leptalea
7055816,Daviesia glossosema
7055807,Daviesia crassa
458411,Glycine albicans
619761,Hovea stricta
739662,Daviesia smithiorum
6095455,Acacia trudgeniana
3918427,Acacia chapmanii
3918174,Acacia incanicarpa
7055814,Daviesia implexa
215903,Daviesia megacalyx
566799,Gastrolobium triangulare
7055804,Daviesia audax
6095716,Bossiaea flexuosa
6095713,Bossiaea celata
3921033,Daviesia debilior
7055805,Daviesia bursarioides
3917916,Acacia mitodes
3927106,Zornia maritima
1068741,Gastrolobium diabolophyllum
6095715,Bossiaea eremaea
3928352,Bossiaea oxyclada
6095427,Acacia robeorum
6095413,Acacia minutissima
910917,Gastrolobium acrocaroli
6095439,Acacia splendens
5785743,Acacia bromilowiana
7055829,Daviesia pteroclada
359905,Lathyrus oleraceus
389034,Schotia brachypetala
372385,Cercis siliquastrum
503587,Wisteria sinensis
3916677,Chamaecrista rotundata
3920887,Aotus phylicoides
3920808,Phyllota gracilis
7055130,Senna stricta
3918266,Acacia uliginosa
12269,Gastrolobium epacridoides
215905,Daviesia flexuosa
3917635,Acacia pulviniformis
3920917,Sphaerolobium fornicatum
3918334,Acacia dermatophylla
3918141,Acacia orthotricha
3918488,Acacia shuttleworthii
3920979,Isotropis drummondii
7055795,Cullen pogonocarpum
3920921,Mirbelia ovata
3920901,Chorizema trigonum
3918413,Acacia costata
3921058,Daviesia trigonophylla
3920786,Gastrolobium tricuspidatum
3920797,Latrobea brunonis
3920931,Mirbelia multicaulis
3917837,Acacia acoma
232958,Vachellia karroo
3918350,Acacia crassiuscula
739665,Daviesia podophylla
516267,Gastrolobium oxylobioides
3920904,Sphaerolobium alatum
382797,Jacksonia horrida
516261,Gastrolobium heterophyllum
7055831,Daviesia retrorsa
3920909,Sphaerolobium rostratum
3918102,Acacia durabilis
505948,Gastrolobium nervosum
584958,Gastrolobium melanopetalum
3921000,Gompholobium capitatum
505949,Gastrolobium pyramidale
3918344,Acacia consobrina
3917778,Acacia preissiana
3918286,Acacia aulacophylla
5921925,Acacia daphnifolia
3926089,Swainsona elegans
3917736,Acacia gemina
3918241,Acacia fauntleroyi
584968,Gastrolobium sericeum
3918042,Acacia heterochroa
3918375,Acacia mooreana
3917576,Acacia cavealis
858423,Cullen lachnostachys
3918353,Acacia palustris
1013121,Acacia cuspidifolia
3921050,Daviesia spinosissima
912998,Gastrolobium microcarpum
3917793,Acacia incongesta
3920328,Tephrosia clementii
3918053,Acacia quinquenervia
3918479,Acacia carnosula
3920950,Jacksonia fasciculata
3918070,Acacia cracentis
7055832,Daviesia sarissa
566805,Gastrolobium dorrienii
3920894,Aotus genistoides
3921051,Daviesia abnormis
1036682,Chorizema spathulatum
3920912,Sphaerolobium linophyllum
3918301,Acacia intorta
3920178,Tephrosia uniovulata
566796,Gastrolobium trilobum
3918008,Acacia octonervia
3920945,Jacksonia compressa
3920966,Jacksonia foliosa
1011942,Indigofera hochstetteri
6095402,Acacia latior
3918096,Acacia puncticulata
3920889,Aotus passerinoides
6095450,Acacia thieleana
136983,Vicia benghalensis
1030424,Lupinus albus
3917592,Acacia nivea
3920798,Latrobea genistoides
3921021,Daviesia crenulata
3928321,Templetonia drummondii
1082490,Gastrolobium alternifolium
3918411,Acacia donaldsonii
3918207,Acacia scleroclada
3920899,Chorizema cytisoides
3917638,Acacia roycei
3918136,Acacia lullfitziorum
584959,Gastrolobium celsianum
3918169,Acacia fagonioides
7632128,Acacia nicholsonensis
3917972,Acacia scalpelliformis
3918105,Acacia pusilla
3918468,Acacia acellerata
791076,Crotalaria mysorensis
7055732,Tephrosia oxalidea
3920884,Aotus tietkensii
1082496,Gastrolobium cuneatum
46047,Acacia incurva
4730378,Acacia peregrinalis
3918159,Acacia profusa
3921031,Daviesia oppositifolia
3917894,Acacia gardneri
3919782,Cullen stipulaceum
3918366,Acacia tetragonocarpa
1086811,Lupinus luteus
3918454,Acacia loxophylla
656776,Guilandina major
3921052,Daviesia microphylla
3917869,Acacia disticha
53279,Acacia bracteolata
3917715,Acacia maxwellii
1093308,Gastrolobium rubrum
964926,Pultenaea aspalathoides
6095363,Acacia calligera
3916815,Senna ferraria
3917619,Acacia ferocior
3920905,Sphaerolobium pulchellum
3918360,Acacia acanthaster
834503,Adenocarpus complicatus
904977,Colophospermum mopane
6095428,Acacia robiniae
612429,Cicer arietinum
3917713,Acacia filamentosa
3926099,Swainsona beasleyana
7055834,Daviesia scabrella
3918393,Acacia erioclada
3920799,Latrobea tenella
603313,Crotalaria agatiflora
3918257,Acacia arbiana
288517,Podalyria sericea
1065941,Vigna unguiculata
3918481,Acacia resinosa
555965,Gastrolobium brownii
3921589,Mucuna diabolica
932414,Glycine aphyonota
3917721,Acacia tenuispica
3918087,Acacia dacrydioides
3920919,Sphaerolobium gracile
612442,Canavalia ensiformis
6097024,Cajanus hirtopilosus
6095382,Acacia equisetifolia
6095476,Senegalia chundra
6095459,Acacia walkeri
3920922,Mirbelia subcordata
4730355,Acacia faucium
108289,Bauhinia monandra
38048,Melilotus officinalis
3926090,Swainsona pedunculata
523437,Trifolium micranthum
714840,Crotalaria beddomeana
640188,Senna sophera
616165,Indigofera arrecta
3920971,Isotropis filicaulis
1056198,Desmanthus pernambucanus
3920340,Tephrosia tinctoria
3917686,Acacia oncinophylla
84909,Cytisus multiflorus
92899,Tephrosia vogelii
128251,Trifolium alexandrinum
825707,Phaseolus vulgaris
883996,Calliandra haematocephala
5233538,Mezoneuron erythrocarpum
231731,Pithecellobium dulce
854613,Arachis pintoi
1001767,Medicago orbicularis
329424,Lathyrus angulatus
1026205,Indigofera suffruticosa
869662,Tephrosia grandiflora
3922077,Centrosema plumieri
3920167,Tephrosia forrestiana
472038,Lotus creticus
3917687,Acacia rigescens
458419,Glycine pindanica
738543,Scorpiurus muricatus
3927431,Desmodium macrocarpum
1050263,Crotalaria trichotoma
7632463,Cynometra lenticellata
592381,Trifolium michelianum
3920096,Tephrosia pumila
112124,Senegalia catechu
659677,Entada rheedei
3917604,Acacia lentiginea
3919868,Sophora longipes
977945,Lotus hispidus
3918372,Senegalia pennata
8609,Neptunia plena
799057,Crotalaria quinquefolia
3920245,Tephrosia noctiflora
337222,Kummerowia striata
178670,Vigna trilobata
3926094,Swainsona viridis
18898,Bauhinia galpinii
560318,Bauhinia purpurea
791080,Crotalaria grahamiana
591763,Swainsona cyclocarpa
39517,Albizia julibrissin
284184,Erythrina lysistemon
220832,Chamaecrista coriacea
439085,Pultenaea adunca
3916831,Cassia queenslandica
33836,Calliandra surinamensis
600238,Inga edulis
989229,Phaseolus lunatus
597371,Trifolium purpureum
611049,Biserrula pelecinus
649824,Trifolium clypeatum
146452,Indigofera incarnata
681762,Glycine max
935514,Styphnolobium japonicum
359899,Onobrychis viciifolia
103150,Sesbania grandiflora
76060,Trifolium echinatum
3919226,Archidendron lovelliae
3927096,Zornia ramosa
162023,Cochliasanthus caracalla
619755,Hovea acanthoclada
3917895,Acacia ophiolithica
597357,Trifolium rueppellianum
3917955,Acacia barakulensis
3920913,Sphaerolobium acanthos
68519,Senna multijuga
909321,Clianthus puniceus
3918327,Acacia homaloclada
3920965,Jacksonia eremodendron
3918279,Acacia sedifolia
596048,Melilotus siculus
964920,Pultenaea calycina
1082501,Gastrolobium truncatum
3921642,Hardenbergia perbrevidens
7055830,Daviesia ramosissima
7632160,Senegalia insuavis
3918147,Acacia ommatosperma
240404,Pachyrhizus erosus
6097062,Glycine montis-douglas
3918252,Acacia repens
3917602,Acacia zatrichota
1031434,Libidibia coriaria
3921342,Cajanus lanuginosus
66122,Mimosa diplotricha
3920243,Tephrosia debilis
3917642,Acacia malloclada
3927064,Zornia disticha
434080,Caesalpinia pulcherrima
3917800,Acacia amentifera
6095367,Acacia claviseta
267999,Crotalaria senegalensis
293482,Ormocarpum cochinchinense
727201,Inocarpus fagifer
116244,Psophocarpus tetragonolobus
458416,Glycine lactovirens
729861,Cynometra ramiflora
170163,Butea monosperma
375234,Cercis gigantea
607559,Arachis ipaensis
867230,Phaseolus acutifolius
3922031,Rhynchosia aurea
1007990,Medicago soleirolii
1065954,Vigna mungo
788641,Vicia disperma
763128,Vigna umbellata
39541,Arachis hypogaea
872076,Vigna parkeri
3921350,Cajanus grandiflorus
405928,Latrobea hirtella
470909,Canavalia sericea
3920215,Tephrosia subtriflora
3919627,Archidendropsis xanthoxylon
3927157,Alysicarpus heyneanus
274241,Acacia denticulosa
872809,Hippocrepis emerus
554266,Laburnum anagyroides
920337,Senna candolleana
370603,Archidendron lucyi
1044124,Genista maderensis
33307,Retama monosperma
3917922,Acacia tayloriana
757704,Senna bicapsularis
757707,Senna corymbosa
146608,Acaciella glauca
3921557,Erythrina insularis
180578,Haematoxylum campechianum
6095229,Mezoneuron nitens
878664,Senegalia hamulosa
488049,Centrosema pubescens
3926917,Dalbergia ferruginea
852235,Smithia sensitiva
3920828,Pultenaea viscosa
3917610,Acacia clivicola
3927389,Desmodium cinereum
3929231,Sesbania campylocarpa
807795,Bituminaria bituminosa
964020,Centrosema virginianum
574496,Trifolium pilulare
592385,Trifolium nigrescens
3922082,Centrosema platycarpum
79539,Acaciella angustissima
3916566,Chamaecrista pumila
3920960,Jacksonia sericea
761084,Gastrolobium pycnostachyum
7055645,Sesbania javanica
3917173,Crudia papuana
6095347,Acacia abbatiana
198246,Cassia javanica
503222,Crotalaria virgulata
869024,Gliricidia sepium
230325,Trifolium spumosum
3917775,Acacia manipularis
3917675,Acacia argyrotricha
1094667,Sulla coronaria
76054,Trifolium lappaceum
684370,Ononis spinosa
3923299,Lupinus regalis
606503,Cercis canadensis
253733,Anthyllis vulneraria
1060490,Phaseolus coccineus
6095542,Vachellia edgeworthii
547011,Macroptilium gracile
6095405,Acacia lumholtzii
31849,Crotalaria distans
314294,Indigofera vohemarensis
170173,Derris elliptica
3920857,Callistachys linariifolia
661317,Derris rubrocalyx
3916183,Mezoneuron hymenocarpum
227361,Crotalaria micans
261056,Sindora supa
3922708,Indigofera hendecaphylla
135041,Teramnus labialis
6095387,Acacia fodinalis
7632992,Ibatiria furfuracea
1056193,Desmanthus leptophyllus
666948,Erythrina fusca
380064,Cassia grandis
3918377,Acacia deuteroneura
294857,Mimosa quadrivalvis
72932,Libidibia ferrea
7055843,Daviesia uncinata
3918091,Acacia ascendens
16746,Sophora microphylla
676044,Sophora toromiro
292214,Medicago carstiensis
592520,Vigna hosei
510046,Lathyrus sativus
950613,Medicago ciliaris
391939,Vigna racemosa
6095724,Bossiaea saxosa
3917690,Acacia euthyphylla
4730356,Acacia fecunda
4730371,Acacia diallaga
3918110,Acacia cylindrica
99354,Tadehagi triquetrum
3920929,Mirbelia stipitata
739667,Daviesia speciosa
4730376,Acacia sulcaticaulis
6095709,Bossiaea arcuata
7055827,Daviesia pleurophylla
3918320,Acacia capillaris
3918080,Acacia tetraneura
3917985,Acacia diaphana
6095419,Acacia obtriangularis
7055656,Aphyllodium parvifolium
6095390,Acacia graciliformis
3929718,Christia obcordata
3917967,Acacia torticarpa
526304,Coronilla vaginalis
3921805,Phylacium bracteosum
3918784,Neptunia amplexicaulis
1048245,Peltophorum dubium
3921138,Clitoria laurifolia
6095438,Acacia spectrum
3921901,Rhynchosia rostrata
547476,Urodon capitatus
946906,Tara spinosa
6095361,Acacia burrowsiana
797713,Acacia aphylla
401116,Vachellia robusta
3918104,Acacia adnata
3926098,Swainsona minutiflora
370897,Colvillea racemosa
3917825,Acacia auratiflora
255155,Zornia gibbosa
1060096,Sesbania sesban
137009,Vicia ervilia
3917749,Acacia simulans
858046,Dolichos trilobus
418553,Sesbania bispinosa
6095462,Acacia willingii
6095357,Acacia besleyi
6095398,Acacia keigheryi
3917927,Acacia semicircinalis
647512,Stylosanthes fruticosa
612438,Canavalia gladiata
3921351,Cajanus platycarpus
3917596,Acacia microneura
3918791,Xylia xylocarpa
3920897,Chorizema ericifolium
3919234,Archidendron arborescens
689166,Trifolium aureum
91411,Cyamopsis tetragonoloba
999606,Trifolium globosum
3917829,Acacia hypermeces
3917701,Acacia cuneifolia
855950,Kennedia beckxiana
3918306,Acacia lirellata
6095415,Acacia muriculata
163598,Flemingia strobilifera
1070327,Desmodium distortum
4730385,Acacia stanleyi
6095355,Acacia barrettiorum
6095448,Acacia synoria
6095404,Acacia leeuweniana
6095421,Acacia parkerae
505938,Gastrolobium leakeanum
409626,Pultenaea pinifolia
7055845,Gompholobium karijini
555969,Gastrolobium modestum
6095446,Acacia subtiliformis
3918074,Acacia concolorans
3918316,Acacia auripila
3917786,Acacia asepala
7055840,Daviesia tortuosa
3922008,Rhynchosia tomentosa
761079,Gastrolobium semiteres
566800,Gastrolobium tergiversum
6095711,Bossiaea aurantiaca
1093438,Acacia aphanoclada
739666,Daviesia spiralis
445950,Vicia americana
922655,Vigna frutescens
849855,Medicago turbinata
420167,Platylobium parviflorum
3928336,Bossiaea neoanglica
3920959,Jacksonia stackhousei
3917665,Acacia curvinervia
387973,Tephrosia nematophylla
391596,Indigofera wannanii
66355,Indigofera triflora
147871,Indigofera erubescens
3922812,Indigofera elachantha
3922828,Indigofera petraea
3920849,Pultenaea reflexifolia
3916964,Senna heptanthera
3920830,Pultenaea millarii
146458,Indigofera scabrella
385865,Indigofera psammophila
3919749,Cullen martini
601502,Senna charlesiana
3916634,Chamaecrista maritima
234235,Chamaecrista symonii
3916254,Gastrolobium melanocarpum
3921956,Leptosema villosum
3920314,Tephrosia gyropoda
3922648,Indigofera haematica
3916548,Chamaecrista concinna
3922924,Indigofera oxyrachis
96333,Indigofera longibractea
964929,Pultenaea penna
505944,Gastrolobium linearifolium
3920330,Tephrosia turpinii
739659,Daviesia umbonata
707067,Chamaecrista longipes
3916789,Bossiaea distichoclada
3916177,Mezoneuron brachycarpum
3922084,Leptosema macrocarpum
391598,Indigofera rupicola
3916966,Senna glaucifolia
669094,Indigofera pilifera
234451,Chamaecrista exigua
479051,Senegalia kerrii
820202,Chorizema nanum
516258,Gastrolobium acutum
3916549,Chamaecrista grisea
220838,Chamaecrista deserti
3917528,Gastrolobium discolor
3920238,Tephrosia gardneri
566802,Gastrolobium cyanophyllum
226442,Tephrosia densa
7633263,Leptosema cervicorne
3920188,Tephrosia pedleyi
3917027,Senna manicula
3919724,Gompholobium pungens
560305,Acacia corusca
3920267,Tephrosia delicatula
573226,Indigofera adenotricha
3921814,Rhynchosia filiformis
3920055,Tephrosia humifusa
3920099,Tephrosia valleculata
977164,Rhynchosia bungarensis
3920191,Tephrosia graminifolia
81117,Acacia parvifoliolata
878650,Acacia hierochoensis
3918019,Acacia pudica
6095365,Acacia trinervia
